scraped_at,token_id,minting_no,price,starforce,potential_grade,bonus_potential_grade,seller,seller_wallet,listed_at,expires_at
2026-10-05T01:25:38+00:00,8457681360686828187017172499458,17030,524000.0,0,0,0,ungabunga#7456,0x73E7f3b00dB6661a50C49b75a5401F3C37FA7462,2026-10-05T01:23:35Z,2026-10-19T01:23:35Z
2026-10-05T01:25:38+00:00,8457696385508188973476295651842,17047,525000.0,0,0,0,bapxao#1535,0xe07534241Ca6Fe0792721D2d5b3031Fe9B775Fa7,2026-10-05T01:19:46Z,2026-10-08T01:19:46Z
2026-10-05T01:25:38+00:00,8458108630000156445190551659778,17063,525000.0,0,0,0,TheGod#5106,0x15028CD2F1Eb01103D309259605D2fB05E1c2f45,2026-10-05T01:02:52Z,2026-10-08T01:02:52Z
2026-10-05T01:25:38+00:00,8458488178226326550671961391106,17092,530000.0,0,0,0,question17#8982,0xd630436e9095A4BFC483548803Fa383dbE0301f0,2026-10-04T22:58:49Z,2026-10-07T22:58:49Z
2026-10-05T01:25:38+00:00,8458117768740609619540311400706,17069,540000.0,0,0,0,Ehtes#2630,0xF83E44f1D0BfAf5a507c3cEe522B622376657f0F,2026-10-04T18:57:43Z,2026-10-07T18:57:43Z
2026-10-05T01:25:38+00:00,8421435735283293389926814225922,14538,699000.0,2,1,1,DarkMinh#6597,0x4E811eFB329A34B34D2d2818f6B1Cff516082C18,2026-10-04T18:54:03Z,2026-10-18T18:54:03Z
2026-10-05T01:25:38+00:00,8428775424226807675622029587970,15057,800000.0,4,0,0,katslevee#6103,0x58a414EC2Ec5F3aA5193758aA4bCc8c0a945ddaA,2026-09-27T10:58:30Z,2026-10-11T10:58:30Z
2026-10-05T01:25:38+00:00,8436926242634752922453189296386,15616,800000.0,0,0,0,blackbape1#9090,0xd05c0170A4b369bf34BC0C5680Fdaf39FBEce78c,2026-09-27T01:48:09Z,2026-10-11T01:48:09Z
2026-10-05T01:25:38+00:00,8402023368761858396153803424258,13172,832111.0,2,1,1,HotGirl#0250,0x6E281d81Af0e51fd0273de362Cd40b337f1cAFDe,2026-10-02T00:15:45Z,2026-10-16T00:15:45Z
2026-10-05T01:25:38+00:00,8321547966197239631103132202242,7573,900000.0,8,1,1,Zuguto#4578,0x4a57fA62F61603f567aA28F2a02a216132bd0B4e,2026-10-04T18:34:25Z,2026-10-18T18:34:25Z
2026-10-05T01:25:38+00:00,8388933061271419478581083192066,12260,950000.0,8,0,0,RenGoku#8928,0x868208F1fB455CBa7b3b739EcB9e3B194C548158,2026-10-04T00:16:34Z,2026-10-07T00:16:34Z
2026-10-05T01:25:38+00:00,8382857298053021627746467754754,11836,990000.0,5,1,1,anasofia0502#5137,0x058C5Ba94D2CD33775275fd52Cb6Babc9b1A68E5,2026-10-04T17:57:15Z,2026-10-07T17:57:15Z
2026-10-05T01:25:38+00:00,8360589033707845699474957851394,10290,1111122.0,3,2,0,Traralero#4582,0xE0C28017c305c3ff57f86E25341Dc3053f8357e9,2026-10-04T07:59:26Z,2026-10-07T07:59:26Z
2026-10-05T01:25:38+00:00,8406700921433517182934943634178,13500,1200000.0,9,1,1,Sabrewulf#2857,0x80d08Fc29A0B4351Ab9d117DCc69458ACc8DE028,2026-09-26T23:09:01Z,2026-10-10T23:09:01Z
2026-10-05T01:25:38+00:00,8457749802737959111864213928450,17042,1300000.0,0,2,1,Landaika#5222,0xBD52aec58F9fF80FA38EaA66A4B8cb1ae469ADBF,2026-10-03T07:52:58Z,2026-10-06T07:52:58Z
2026-10-05T01:25:38+00:00,8363895459056599121711405273346,10526,1456789.0,10,2,1,Mcanryan#7159,0xCb3E41fcBBF06F110317Da6015DD4056C4AeCE33,2026-10-04T08:33:18Z,2026-10-18T08:33:18Z
2026-10-05T01:25:38+00:00,8407162115819372167520636069890,13541,1499999.0,10,1,1,kismot#9736,0xbeF792661F70B1C065df57177C86619c6466624d,2026-10-02T08:24:04Z,2026-10-05T08:24:04Z
2026-10-05T01:25:38+00:00,8436824865484312360691297170178,15596,1499999.0,5,2,1,Nameless#5319,0xE1bF2Be586f4BA8a1f0091736E435BD48331E6C1,2026-10-01T14:44:29Z,2026-10-15T14:44:29Z
2026-10-05T01:25:38+00:00,8271300620677923634814843525122,4084,1600000.0,10,2,1,dazi1023#5714,0x8123AdC8C30a562aC2A37e4B4dF7007408388e3A,2026-10-04T15:02:16Z,2026-10-07T15:02:16Z
2026-10-05T01:25:38+00:00,8372045392459227795562358537218,11086,1780000.0,7,2,1,whyisphi#8411,0x83DDaF0130BF7c6F46c43411F1DfDDa58D502E60,2026-10-01T06:35:04Z,2026-10-15T06:35:04Z
2026-10-05T01:25:38+00:00,8391592801995473367586710448642,12436,2000000.0,8,1,0,maty087#0505,0x94987D270f1CFB95Be6D1b3d46f53786cCE5E889,2026-10-03T12:34:48Z,2026-10-06T12:34:48Z
2026-10-05T01:25:38+00:00,8386515031929900343286207637250,12084,2000000.0,10,2,1,Mcanryan#7159,0xCb3E41fcBBF06F110317Da6015DD4056C4AeCE33,2026-10-02T03:46:36Z,2026-10-16T03:46:36Z
2026-10-05T01:25:38+00:00,8361419983383249523001182978818,10354,2222222.0,11,1,1,Jiaoyang#6930,0x102Bea51d9EF6a61AcA5a2109685f8591329c650,2026-09-29T01:39:06Z,2026-10-13T01:39:06Z
2026-10-05T01:25:38+00:00,8294902569747621679259110977026,5719,2400000.0,10,2,1,moriokun#9529,0xFb2E447aA26772f6d91a7F39B9562B4Da5C6e282,2026-09-26T09:56:18Z,2026-10-10T09:56:18Z
2026-10-05T01:25:38+00:00,8356990538436049861498701229314,10049,2500000.0,10,2,1,paopao888#5022,0xe66a6A889683342020c7496Ede90663017b686cB,2026-10-04T07:54:07Z,2026-10-07T07:54:07Z
2026-10-05T01:25:38+00:00,8372908631607563400968181447938,11159,2777777.0,6,3,1,Feint#6204,0x85bf130E7D841001f0d092c96A2AA0e17cb08016,2026-10-01T23:34:54Z,2026-10-08T23:34:54Z
2026-10-05T01:25:38+00:00,8251409366978991853652273919490,304,2799999.0,10,3,1,wilow#4795,0x8751ca1822eD1F4616d706614178071938e35e75,2026-10-04T15:19:17Z,2026-10-07T15:19:17Z
2026-10-05T01:25:38+00:00,8317460715505017607343256592386,7289,2800000.0,11,3,1,oro24#6150,0xEC0638b7D90A7a3539D8Cf6104a3B90fa20E95d6,2026-10-04T13:08:38Z,2026-10-07T13:08:38Z
2026-10-05T01:25:38+00:00,8257002426356185984737268114434,2543,2999999.0,10,3,2,UnleashHero#3897,0xD5B817B231329aA8c5C06c44377F418AA27c2c87,2026-10-04T02:17:57Z,2026-10-07T02:17:57Z
2026-10-05T01:25:38+00:00,8319428445292165354653522456066,7427,2999999.0,10,3,1,luya#3274,0xeBC8d9a344c8B2F125aBbcd4931aF83fc18F411A,2026-09-30T14:25:49Z,2026-10-14T14:25:49Z
2026-10-05T01:25:38+00:00,8370827983467556876288998184450,11004,2999999.0,5,3,1,neubee555#9172,0x8700742e1a9e222aED045d81Aa92D669bb7D52c1,2026-09-30T10:31:49Z,2026-10-14T10:31:49Z
2026-10-05T01:25:38+00:00,8257765467425286511591547716610,2687,3000000.0,10,3,2,Salina#2852,0xc659686244122be3fd17dE68E6a6CA0FC8C57099,2026-10-03T10:00:45Z,2026-10-06T10:00:45Z
2026-10-05T01:25:38+00:00,8343092714341954435524524725762,9094,3200000.0,10,3,1,Random#6020,0x1237351e07214A751e56Cdf0412c2cA42cF59766,2026-10-04T14:32:42Z,2026-10-18T14:32:42Z
2026-10-05T01:25:38+00:00,8348937335260720289282162530050,9482,3200000.0,10,3,1,Skye#9144,0xEd7857E5bE3a9355B21FcC355EAF63ff31e62424,2026-10-04T10:06:28Z,2026-10-18T10:06:28Z
2026-10-05T01:25:38+00:00,8409339343552896300723336534786,13693,3250000.0,6,3,1,Morseee#8944,0x64A2416d60a54943cDE6ccBFf812b9fd71db71A5,2026-10-03T05:30:28Z,2026-10-06T05:30:28Z
2026-10-05T01:25:38+00:00,8278582415672131416381252262146,4589,3300000.0,8,3,1,Brady#5215,0x16B272BbEe33f49637D6a7256d68ED17F5aC24be,2026-09-30T09:04:28Z,2026-10-14T09:04:28Z
2026-10-05T01:25:38+00:00,8259443779378896613274181102082,3162,3333333.0,10,3,1,chenbuer#2536,0x11CEC147409B8DfD6D48336DFc7D42222BC252DF,2026-10-04T02:51:34Z,2026-10-18T02:51:34Z
2026-10-05T01:25:38+00:00,8407524922535222172725884979714,13567,3500000.0,7,2,1,Longnha45#6124,0x0FEae308A577D3E75CB8538613579669F530aeB3,2026-10-03T00:46:06Z,2026-10-06T00:46:06Z
2026-10-05T01:25:38+00:00,8409993202581152780793011484674,13744,3899999.0,11,3,2,Razor#1806,0x8a1992dC82C4FCce20aD75FB499618dC746f4c5b,2026-10-02T14:27:44Z,2026-10-16T14:27:44Z
2026-10-05T01:25:38+00:00,8272102188733165981319440899842,4144,3999999.0,10,3,2,Jiaoyang#6930,0x102Bea51d9EF6a61AcA5a2109685f8591329c650,2026-10-01T10:07:23Z,2026-10-15T10:07:23Z
2026-10-05T01:25:38+00:00,8281539733611051081901383741954,4794,4000000.0,10,3,2,schneider#6265,0x0BD58fb0Ba93f0Dc55f54d062535900EeD08dE9d,2026-10-04T16:37:26Z,2026-10-07T16:37:26Z
2026-10-05T01:25:38+00:00,8286122851647947442719213933314,5113,4200000.0,10,2,1,apyangwwa#7545,0x08a98d818aFd27D8B3627997ac27Bdc2CCFeC497,2026-10-02T18:54:57Z,2026-10-05T18:54:57Z
2026-10-05T01:25:38+00:00,8273270027276159071953859515906,4216,4222222.0,11,3,1,Helix#6125,0xdFECBDd8f9aE921be8E3c74C092Dd51f0dd7297a,2026-10-01T08:21:50Z,2026-10-15T08:21:50Z
2026-10-05T01:25:38+00:00,8289602583754436512625936377090,5349,4300000.0,8,3,2,vafp#9484,0x76F43194B8980F7bA237ef984878750bB3d73DbC,2026-10-01T03:45:28Z,2026-10-15T03:45:28Z
2026-10-05T01:25:38+00:00,8275310125553785006612220942082,4356,4500000.0,10,3,1,CODEX#4204,0xDa6a91b389c2f40CFAdBcb356E2EB56B84186488,2026-10-02T12:02:30Z,2026-10-05T12:02:30Z
2026-10-05T01:25:38+00:00,8415258722383387163530335098114,14097,4500000.0,10,3,2,x4Zzwee23#0806,0x6FC5AbE666E896b2f3E4DECd13aeB56386379383,2026-09-28T02:25:43Z,2026-10-12T02:25:43Z
2026-10-05T01:25:38+00:00,8305133852059207906954933866242,6439,5000000.0,10,3,1,Owen#7364,0x8e1c67080570FA57ae2aE78Ccbd9e2A40DF83A69,2026-10-03T13:26:51Z,2026-10-06T13:26:51Z
2026-10-05T01:25:38+00:00,8324129888189919889263620496898,7757,5000000.0,12,3,2,LAbubu#6560,0x23A7C29b34FBC6D9a2C0c110ff369615C88133d2,2026-09-29T17:19:44Z,2026-10-13T17:19:44Z
2026-10-05T01:25:38+00:00,8273272820723587222351674496514,4220,5999000.0,6,3,3,aquamarineto#6419,0x165bBA28872E7Aa79c58125D0f08f15085279F0f,2026-10-04T15:09:46Z,2026-10-07T15:09:46Z
2026-10-05T01:25:38+00:00,8257791862136539927442059968514,2692,6666666.0,10,3,1,ChihYu#7027,0xa1b82743868E5cC522846F25a0f3F9ffE1539178,2026-09-29T15:36:40Z,2026-10-13T15:36:40Z
2026-10-05T01:25:38+00:00,8293443881898097398225591807490,5625,6800000.0,10,4,1,Isuyamug#5518,0xD5e2f9971C8fE0B4dEf5AeE2f2F3456d092010f4,2026-10-04T03:57:37Z,2026-10-18T03:57:37Z
2026-10-05T01:25:38+00:00,8251971270332872879759819031810,1834,6999999.0,13,3,2,Luke3#2522,0x8eCa4d0C47f7ace25c0bC3222C0Efa78e57b5A2d,2026-09-27T09:01:00Z,2026-10-11T09:01:00Z
2026-10-05T01:25:38+00:00,8313262777264803601969061946882,6997,7000000.0,10,4,1,AArno#6354,0x0077892c8716E914f22AF46AFB0990F036537B35,2026-10-04T18:07:07Z,2026-10-11T18:07:07Z
2026-10-05T01:25:38+00:00,8303060719121743967829386173186,6292,7000000.0,10,3,1,leohyy#4585,0xEA9F48b137AC8a196b8446932bcD53D94eccC673,2026-10-01T13:51:00Z,2026-10-15T13:51:00Z
2026-10-05T01:25:38+00:00,8251483779464140461998164316162,2398,7250000.0,12,3,2,Azaeueus#4864,0x4Be53Ad640B0b6FD3b9642d64562390E6654B2b8,2026-10-01T11:16:18Z,2026-10-15T11:16:18Z
2026-10-05T01:25:38+00:00,8332842576160056807565583881474,8358,8000000.0,7,3,1,joker#2067,0xEd088d2Eb8f682CDCCcE0EF2DB8723fc1d4085d7,2026-10-03T23:40:29Z,2026-10-06T23:40:29Z
2026-10-05T01:25:38+00:00,8368839758563839649652087738626,10864,8000000.0,13,3,3,guoo#7592,0x0D71719C3e8d8A759066E05A8c4A7C9527B44361,2026-10-03T13:24:35Z,2026-10-06T13:24:35Z
2026-10-05T01:25:38+00:00,8251431271519231717415438496514,183,8000000.0,10,3,1,shuisyang#0285,0xB1D5097e81c8571b3f44DC56C0B1192B7236c342,2026-10-03T07:58:53Z,2026-10-06T07:58:53Z
2026-10-05T01:25:38+00:00,8305210796018516863765787679746,6447,8000000.0,9,3,3,Artago#4163,0x5D36991cc680dDfd06B148AF876d2a385489bE75,2026-10-02T01:43:57Z,2026-10-05T01:43:57Z
2026-10-05T01:25:38+00:00,8314085252206862698026513725954,7075,8500000.0,7,3,3,asdakjl#5341,0x7c878e50259Dd9f9D39512f4D30fDebc652202Fe,2026-10-03T02:48:29Z,2026-10-10T02:48:29Z
2026-10-05T01:25:38+00:00,8276668437144496502816045020674,4457,8800000.0,12,4,2,Lu2k#2416,0x321F28604cA1Fd707D2D17Fd1C424732556F17B2,2026-10-01T15:20:17Z,2026-10-15T15:20:17Z
2026-10-05T01:25:38+00:00,8295377483188707271676747770370,5755,8888888.0,11,3,3,JIMLIANG#7051,0xf65f87934ed042D527c7825d0e4C2ffb3b15d7C7,2026-10-01T16:05:22Z,2026-10-15T16:05:22Z
2026-10-05T01:25:38+00:00,8251409123620427058779376321026,254,8888888.0,10,4,3,WhattaMan#3593,0x759AE4bFa740d8dE2336d872B18414F1705e1Ca6,2026-10-01T15:33:32Z,2026-10-15T15:33:32Z
2026-10-05T01:25:38+00:00,8251413606762427226248695273986,1393,8888888.0,12,3,3,shuoshuolili#4824,0xc91c0Fde729EE267Af1b79ae204C209aA6e99a03,2026-09-26T08:30:22Z,2026-10-10T08:30:22Z
2026-10-05T01:25:38+00:00,8311336715894192303840007405314,6871,9000000.0,10,3,2,Capibara#1921,0x554cedB8C5d71be3A779C2FEe5246be7093229Ad,2026-10-04T15:47:36Z,2026-10-07T15:47:36Z
2026-10-05T01:25:38+00:00,8304295480892771093100649420546,6370,9000000.0,8,4,2,mptrain#2786,0x84165538f7De94BF67227FaE9C14f41e0dabeAED,2026-10-03T03:19:00Z,2026-10-06T03:19:00Z
2026-10-05T01:25:38+00:00,8251408161873872477547760168194,774,9200000.0,12,4,2,jnhuodu#0806,0xFDAC7463Eb40Ee292137Fbf5C364aD5E03f4D266,2026-10-01T03:28:33Z,2026-10-15T03:28:33Z
2026-10-05T01:25:38+00:00,8359835126788321492095125053442,10315,9700000.0,11,4,1,Hussuh#0140,0x32cE55b07BC9bdC73CB977a4D02CfbfC86b5A12E,2026-10-03T20:58:38Z,2026-10-06T20:58:38Z
2026-10-05T01:25:38+00:00,8251412671021417519431145699842,383,9900000.0,13,4,2,Termina#9842,0x3E3eF633cfE3ad36668966B376337c4A11C491e9,2026-10-04T14:22:18Z,2026-10-07T14:22:18Z
2026-10-05T01:25:38+00:00,8266029116662382713385141724930,3721,9990000.0,10,4,3,aquamarineto#6419,0x165bBA28872E7Aa79c58125D0f08f15085279F0f,2026-10-04T15:12:47Z,2026-10-07T15:12:47Z
2026-10-05T01:25:38+00:00,8314096955589725805134200197634,7059,9998888.0,12,4,1,sihunlin#2861,0x3627f3Dfb94e7A1f722433849452c2048DB7B0D3,2026-10-03T08:43:01Z,2026-10-06T08:43:01Z
2026-10-05T01:25:38+00:00,8381026946271841922531849501954,11711,9999000.0,15,4,1,fan9#7870,0xF1A04a6D08c9cFDBf12E9c06994e5048CE5F434f,2026-10-02T03:46:29Z,2026-10-05T03:46:29Z
2026-10-05T01:25:38+00:00,8251408373667918108053998277890,140,9999999.0,11,4,2,fortnatsu#2500,0xC94b00eB80Af1aA020fEe6eA5A8d2bcB185561A2,2026-10-04T21:05:48Z,2026-10-18T21:05:48Z
2026-10-05T01:25:38+00:00,8382232407868283026693073905666,11791,9999999.0,10,4,1,135dcdg1215#1454,0x8278DF0832e3325cB3cA0c21080DA56Cb4b26C30,2026-10-04T10:22:33Z,2026-10-07T10:22:33Z
2026-10-05T01:25:38+00:00,8251430517556802382448212213250,1598,9999999.0,12,4,3,steven#6123,0x2EAc2f4A3A3D95c582D5bf7dC97b77264fA8a0e5,2026-10-03T17:49:00Z,2026-10-06T17:49:00Z
2026-10-05T01:25:38+00:00,8280689903333849748121759946498,4736,10000000.0,11,4,3,light#2378,0x3CA803054A34BC261a3F2e37C92B08B25C4Fefd9,2026-10-04T22:12:09Z,2026-10-18T22:12:09Z
2026-10-05T01:25:38+00:00,8251420755712836192263755517186,169,10000000.0,13,4,3,Cheshire#4084,0xbfbc1d66F9d567c4040d846e66d005ba9069C900,2026-10-01T16:58:15Z,2026-10-15T16:58:15Z
2026-10-05T01:25:38+00:00,8416098490379448219858432302850,14172,10000000.0,10,4,0,Will1688#0773,0x762496F836C5139e6E12b94404Eebd2dd53fFe3e,2026-09-30T01:37:18Z,2026-10-14T01:37:18Z
2026-10-05T01:25:38+00:00,8252570940084138144488265044994,2048,10999999.0,11,3,4,laowangshe66#8642,0x3d2306fb7eBb9013DB292A9A1228FBE21C1FB2a0,2026-09-27T13:59:42Z,2026-10-11T13:59:42Z
2026-10-05T01:25:38+00:00,8308023359611262020592656184322,6639,11000000.0,11,4,1,SickCatz#9424,0xD6554bE84f345d2c5e97D8B9BA3851210a651bA0,2026-10-04T15:38:32Z,2026-10-18T15:38:32Z
2026-10-05T01:25:38+00:00,8372843576727752756258062957570,11151,11000000.0,10,4,2,hurbet#2796,0xF2203663D8C7d9e1bA4d5833CC45d0747408D2a7,2026-10-01T03:41:55Z,2026-10-15T03:41:55Z
2026-10-05T01:25:38+00:00,8251429462852868778341321115650,531,11111111.0,13,4,2,yohe#6301,0x2C96B30DA72Ba45DE5F1Df134239e2eCA1A70b31,2026-09-30T15:07:03Z,2026-10-14T15:07:03Z
2026-10-05T01:25:38+00:00,8293671830765343695556177584642,5631,11500000.0,11,4,3,aguuslf#4090,0x3EFec1427b4E7d4a2559148718e6A894f3bD3812,2026-10-02T14:58:46Z,2026-10-16T14:58:46Z
2026-10-05T01:25:38+00:00,8261875486924427226069224782338,3511,11500000.0,11,4,3,GPAPA123#3097,0x32ff3B700Ce73462E2736a23ad594cBc21Bdb03D,2026-10-01T03:48:09Z,2026-10-15T03:48:09Z
2026-10-05T01:25:38+00:00,8253975707404897304878753311490,2259,11888888.0,15,3,3,Yoonim#4878,0x184084004843FE8c90e626697bFbf3f5a2C954d8,2026-10-03T12:08:33Z,2026-10-06T12:08:33Z
2026-10-05T01:25:38+00:00,8292899693113922492823339253506,5585,12000000.0,10,3,3,Liumoui#0616,0x2a906cEfaA9a8Db840901A820B101bd645A8CD2A,2026-10-03T08:01:39Z,2026-10-17T08:01:39Z
2026-10-05T01:25:38+00:00,8352835647605139787237253490434,9752,12000000.0,10,4,1,ashiguo#2937,0x951a961d8895834AA9217D70ADF7a3dE6Dab3A6d,2026-09-30T13:09:57Z,2026-10-14T13:09:57Z
2026-10-05T01:25:38+00:00,8427656331676209466291463261442,14970,12000000.0,10,4,1,ChihYu#7027,0xa1b82743868E5cC522846F25a0f3F9ffE1539178,2026-09-29T15:23:58Z,2026-10-13T15:23:58Z
2026-10-05T01:25:38+00:00,8276989512411889041322113392898,4483,12888888.0,15,4,3,bananaXx#4727,0xb394176e3a1373ccE42480FaF5B6dCe1BeA2C597,2026-10-01T02:33:56Z,2026-10-15T02:33:56Z
2026-10-05T01:25:38+00:00,8311039043842141360815469872386,6843,12900000.0,10,4,3,Ghostman#8942,0x9F0E767Fc66475f7BE0b6D586Da8914C7958BFff,2026-10-02T11:24:01Z,2026-10-05T11:24:01Z
2026-10-05T01:25:38+00:00,8398538639454707776132411869698,12933,13000000.0,10,4,1,intter#6895,0xB18668F172D3c3012d9e21Ef860ad5E6a2895DB0,2026-10-04T08:29:20Z,2026-10-18T08:29:20Z
2026-10-05T01:25:38+00:00,8251414201068157969196195883266,601,13000000.0,13,4,3,GoldMrFuYi#9378,0x8ca49eCEF427A75167e9Dc57885B00e31d689Cde,2026-10-01T11:16:25Z,2026-10-15T11:16:25Z
2026-10-05T01:25:38+00:00,8278224849512940985846521760514,4568,13000000.0,10,4,2,hanxiaocai#3176,0x19EF4bb4cE3Fe89a667fD3173C8684d8e6957f5d,2026-10-01T06:27:12Z,2026-10-15T06:27:12Z
2026-10-05T01:25:38+00:00,8271750211167670695821753297922,4124,13333333.0,11,4,3,Rono#8147,0x9A73622e3c35dc89Cea3B9bA71480d603b7140d2,2026-10-04T02:59:39Z,2026-10-07T02:59:39Z
2026-10-05T01:25:38+00:00,8262253716373413581163061453314,3527,13888888.0,10,4,1,Lamus813#9596,0x997c57cd83a1861CB80B9B24854906fB80FcCfd4,2026-10-04T10:33:28Z,2026-10-07T10:33:28Z
2026-10-05T01:25:38+00:00,8251413682320290952163018749186,2062,14999999.0,15,4,3,GHFS#0740,0xd39A085f475997df4F22Dd158229A4Dc2fE167FA,2026-10-01T12:29:04Z,2026-10-15T12:29:04Z
2026-10-05T01:25:38+00:00,8291281606314456600146683949570,5472,15000000.0,13,4,4,Neonnnnn#9309,0x253C81223F70dD53ed8854879402Ce1b7483Fc1b,2026-10-04T15:25:45Z,2026-10-07T15:25:45Z
2026-10-05T01:25:38+00:00,8314102214947269165792124839682,7060,15000000.0,10,4,1,Daniel0217#4027,0x7De8497D9E1B87E7fd1cab65710D4DE2379Fa13D,2026-10-04T14:33:42Z,2026-10-07T14:33:42Z
2026-10-05T01:25:38+00:00,8267986749533346629285470870786,3850,15000000.0,13,4,4,pudky0808#5595,0x2C21669932F00D4a4509BE948018252E69B869A8,2026-10-04T03:50:38Z,2026-10-07T03:50:38Z
2026-10-05T01:25:38+00:00,8270822408739082671198416111106,4046,15000000.0,10,4,3,Yosimi#1864,0x26B942207267A8cA3063D66F4496f4C0eBC1a28d,2026-10-02T11:39:05Z,2026-10-05T11:39:05Z
2026-10-05T01:25:38+00:00,8315019011928220835708248333058,7123,15800000.0,11,4,2,CNTikTokC2#6625,0xf72F6D16a3d34B1D520Cc271d05f9e3A0f739997,2026-09-27T16:30:32Z,2026-10-11T16:30:32Z
2026-10-05T01:25:38+00:00,8293088708781551448536311311362,5600,16000000.0,11,4,1,blackmirror#8282,0x1f9BD5FaC50371f8974f371268a3705C64F3faB2,2026-10-04T16:44:33Z,2026-10-07T16:44:33Z
2026-10-05T01:25:38+00:00,8259859682917409425797932033538,3261,16666666.0,13,4,4,Aphelios#6394,0x8eAe6C6fd9Ac3DC327f6ae10F1d96330f3254cb9,2026-10-04T12:14:23Z,2026-10-18T12:14:23Z
2026-10-05T01:25:38+00:00,8252105458897626276678419440898,1877,18400000.0,10,4,2,NeoO#7093,0xb0242AAF2500167DB76917876bd437ac394CFbba,2026-09-27T15:40:45Z,2026-10-11T15:40:45Z
2026-10-05T01:25:38+00:00,8251455989781139231880582696450,1468,18888888.0,11,4,3,yohe#6301,0x2C96B30DA72Ba45DE5F1Df134239e2eCA1A70b31,2026-09-30T15:08:02Z,2026-10-14T15:08:02Z
2026-10-05T01:25:38+00:00,8270007632337499889123195415810,3995,19500000.0,10,4,4,Mcanryan#7159,0xCb3E41fcBBF06F110317Da6015DD4056C4AeCE33,2026-10-02T02:56:01Z,2026-10-16T02:56:01Z
2026-10-05T01:25:38+00:00,8251407127675612729095457767426,75,20000000.0,13,4,3,IgorGG#6059,0x4a33e7cE41Ce70e95bA2E1f12bc60704044F4937,2026-10-04T22:49:00Z,2026-10-07T22:49:00Z
2026-10-05T01:25:38+00:00,8311427477929637802779876862978,6874,20000000.0,12,4,4,MinaChan#6489,0x404C1A685E858357ED562ee00Dd31e3C9FA57504,2026-10-04T06:17:52Z,2026-10-07T06:17:52Z
2026-10-05T01:25:38+00:00,8313012516072966102676757026818,6984,20000000.0,11,4,3,CODEX#4204,0xDa6a91b389c2f40CFAdBcb356E2EB56B84186488,2026-10-04T03:10:16Z,2026-10-07T03:10:16Z
2026-10-05T01:25:38+00:00,8259007335651057978708880667138,3015,21000000.0,11,3,2,zamo2024#4209,0xE7FeB8bAc89a6164f0eB579E09338D4458989802,2026-10-04T09:06:31Z,2026-10-18T09:06:31Z
2026-10-05T01:25:38+00:00,8348382306083255654140843659010,9437,22000000.0,10,4,3,ringao#0972,0x2ca9027887AbC5D3c985154a67B9b93Fc2E71183,2026-10-04T23:51:16Z,2026-10-07T23:51:16Z
2026-10-05T01:25:38+00:00,8251582265292439502878315413250,1108,22000000.0,15,4,4,DDbaicha#1961,0x89b3e1BB4B509C96Ef5c7ec5BAB2B2aE3Bd668D7,2026-10-02T02:28:13Z,2026-10-05T02:28:13Z
2026-10-05T01:25:38+00:00,8283158931582320814635793253122,4913,22000000.0,11,4,3,sunchenpeng#5135,0xA07185bAc28f2cb74ee0bD3aFd5a50cAe1cD10aC,2026-09-29T01:15:58Z,2026-10-13T01:15:58Z
2026-10-05T01:25:38+00:00,8283911525692237867093958319362,4962,22000000.0,10,4,1,SuperLuckyKH#4703,0x5A147db42152f5ec4061b7Ad5BF0d1BD3420A6B9,2026-09-26T18:04:14Z,2026-10-10T18:04:14Z
2026-10-05T01:25:38+00:00,8251413281668329750327158636290,759,24555555.0,14,4,3,NeverDieEver#2177,0xC7253063c9AF7cFAC47aEE89fc9B65bC1138Fe91,2026-09-28T11:02:21Z,2026-10-12T11:02:21Z
2026-10-05T01:25:38+00:00,8251408002062601902063806082818,1705,25000000.0,15,4,4,zuzume#9854,0x2C499B43AEd17a40978c1c0Ac21cB2719F1A8b4d,2026-10-04T00:43:07Z,2026-10-18T00:43:07Z
2026-10-05T01:25:38+00:00,8251422695701698826139727603458,29,25000000.0,15,4,3,shadower1#0561,0xa7EC7ADCd32705eCf8f4dAb58295B30eaBf50d92,2026-10-03T18:14:54Z,2026-10-06T18:14:54Z
2026-10-05T01:25:38+00:00,8284352617471736430340116326146,4995,27777777.0,12,4,4,shan#5786,0x9bCBF2caD117437Bf5495665AfF29e956162261c,2026-10-03T15:03:15Z,2026-10-17T15:03:15Z
2026-10-05T01:25:38+00:00,8403867532657684944404969016322,13308,28000000.0,11,4,4,gray#9820,0xe7e716F748732232fc0240f47f40dFf08942E3C1,2026-10-01T18:36:23Z,2026-10-15T18:36:23Z
2026-10-05T01:25:38+00:00,8259838682596675673374574291970,3245,28880000.0,15,4,4,lengyy#0851,0x9e8614814Bd6334873a80cfBF2B3cA93906Eea75,2026-10-01T11:16:24Z,2026-10-15T11:16:24Z
2026-10-05T01:25:38+00:00,8330420545102476838440801272578,8188,29500000.0,10,4,3,vtuan#1787,0x247eCED2604CA23EC6A9887D2cDb9b0028a186FA,2026-10-04T14:29:11Z,2026-10-07T14:29:11Z
2026-10-05T01:25:38+00:00,8258632200657267549170815395074,2972,29600000.0,10,3,1,Celaffy#9555,0x3868d90EF6d04508A9681D4ea7ee141aD481C738,2026-10-04T12:54:38Z,2026-10-07T12:54:38Z
2026-10-05T01:25:38+00:00,8350004463596204960100420543746,9558,29999999.0,12,4,3,Helix#6125,0xdFECBDd8f9aE921be8E3c74C092Dd51f0dd7297a,2026-10-01T20:42:43Z,2026-10-15T20:42:43Z
2026-10-05T01:25:38+00:00,8264412645350252669782458462722,3602,32444444.0,15,4,2,Lazykaka#8469,0x5034a7ec38a8EAF0e9C32c882713479d5c9b75a8,2026-10-02T07:29:30Z,2026-10-16T07:29:30Z
2026-10-05T01:25:38+00:00,8370378886355120083586548284930,10968,33333333.0,14,4,1,ayasa1023#4086,0x1e1eCAc6e3f3B37cfb50B8A9bc362f50583D748D,2026-10-02T10:01:02Z,2026-10-16T10:01:02Z
2026-10-05T01:25:38+00:00,8314258592129779289794760092930,7071,35000000.0,12,4,3,Letsgostart#8311,0xb726693AF94E9A8761C33D696aC408ae73876722,2026-09-28T07:02:00Z,2026-10-12T07:02:00Z
2026-10-05T01:25:38+00:00,8251416449406578164341196143362,2263,38888888.0,13,4,3,Liiiiiin#4161,0x0067365bDaA8DBFaa683C385623896fe5C5E83f3,2026-10-01T07:41:37Z,2026-10-15T07:41:37Z
2026-10-05T01:25:38+00:00,8252089348283003562511825219586,1876,39999999.0,15,4,3,Unknow#1543,0x36179DDe17A91a328E294b996262B10E3f4d966F,2026-10-01T02:51:04Z,2026-10-15T02:51:04Z
2026-10-05T01:25:38+00:00,8271704949696186933838147270658,4117,40000000.0,12,4,3,Cherishez#0795,0x2CBd0e56d1547ACcb68D3AFdA8404F82F0932256,2026-10-04T12:20:19Z,2026-10-07T12:20:19Z
2026-10-05T01:25:38+00:00,8251407994974837652934169483010,1144,40000000.0,11,4,3,Letsgostart#8311,0xb726693AF94E9A8761C33D696aC408ae73876722,2026-10-04T08:02:17Z,2026-10-07T08:02:17Z
2026-10-05T01:25:38+00:00,8251445634753580292527529068290,372,45000000.0,12,4,4,zhaojie#8618,0x8854d8DB80d4384CE6f15ED098d390Da1CF946b8,2026-10-04T06:11:26Z,2026-10-07T06:11:26Z
2026-10-05T01:25:38+00:00,8295710694560417273010631002114,5772,48000000.0,11,4,2,zhyyy#3499,0xa79FAa9dBbdc6A493A383da2bD8cF8dA5cDC64a9,2026-10-02T09:29:40Z,2026-10-05T09:29:40Z
2026-10-05T01:25:38+00:00,8307491994096627761510799975170,6596,50000000.0,10,4,2,allpeace#4017,0x68d2c96b0d492A193eb2C123b83f72A10A2eAA1b,2026-10-05T01:15:42Z,2026-10-19T01:15:42Z
2026-10-05T01:25:38+00:00,8251411480985063836280551025666,255,65000000.0,15,4,4,NeverDieEver#2177,0xC7253063c9AF7cFAC47aEE89fc9B65bC1138Fe91,2026-09-28T10:24:00Z,2026-10-12T10:24:00Z
2026-10-05T01:25:38+00:00,8446676356699145314679882029826,16269,30000000000.0,2,0,0,shihyu#9430,0xf3D15CCcFaD549B8cdb73217838f1dD19295B7De,2026-10-04T12:53:05Z,2026-10-07T12:53:05Z
2026-10-05T14:54:21+00:00,8457324731504260686567813462786,17105,470000.0,0,0,0,galaxyz#2366,0x896E7c911AD4EE727CEAD6034daE3C6F07821e6D,2026-10-05T13:43:23Z,2026-10-08T13:43:23Z
2026-10-05T14:54:21+00:00,8458488178226326550671961391106,17092,500000.0,0,0,0,question17#8982,0xd630436e9095A4BFC483548803Fa383dbE0301f0,2026-10-05T13:22:45Z,2026-10-08T13:22:45Z
2026-10-05T14:54:21+00:00,8441028340755784297790578112258,15895,523999.0,0,0,0,wuyubo123#1217,0xF6313EdD8948E05e565De4fA494Ec209cbE4A9F8,2026-10-05T01:52:16Z,2026-10-08T01:52:16Z
2026-10-05T14:54:21+00:00,8457681360686828187017172499458,17030,524000.0,0,0,0,ungabunga#7456,0x73E7f3b00dB6661a50C49b75a5401F3C37FA7462,2026-10-05T01:23:35Z,2026-10-19T01:23:35Z
2026-10-05T14:54:21+00:00,8457696385508188973476295651842,17047,525000.0,0,0,0,bapxao#1535,0xe07534241Ca6Fe0792721D2d5b3031Fe9B775Fa7,2026-10-05T01:19:46Z,2026-10-08T01:19:46Z
2026-10-05T14:54:21+00:00,8458108630000156445190551659778,17063,525000.0,0,0,0,TheGod#5106,0x15028CD2F1Eb01103D309259605D2fB05E1c2f45,2026-10-05T01:02:52Z,2026-10-08T01:02:52Z
2026-10-05T14:54:21+00:00,8458117768740609619540311400706,17069,540000.0,0,0,0,Ehtes#2630,0xF83E44f1D0BfAf5a507c3cEe522B622376657f0F,2026-10-04T18:57:43Z,2026-10-07T18:57:43Z
2026-10-05T14:54:21+00:00,8456940693534134241370607845122,16988,555555.0,0,0,0,zhowiny#6855,0x63b619BA5DfD8347441D6480f32CA2995692E840,2026-10-05T09:27:12Z,2026-10-19T09:27:12Z
2026-10-05T14:54:21+00:00,8416174671431922558037677204226,14178,650000.0,2,1,1,Telexgamer2#4278,0xe5386424d686bAd3922ddFf0eA72a53C8aaf8845,2026-10-05T07:17:23Z,2026-10-10T07:17:23Z
2026-10-05T14:54:21+00:00,8421435735283293389926814225922,14538,699000.0,2,1,1,DarkMinh#6597,0x4E811eFB329A34B34D2d2818f6B1Cff516082C18,2026-10-04T18:54:03Z,2026-10-18T18:54:03Z
2026-10-05T14:54:21+00:00,8428775424226807675622029587970,15057,800000.0,4,0,0,katslevee#6103,0x58a414EC2Ec5F3aA5193758aA4bCc8c0a945ddaA,2026-09-27T10:58:30Z,2026-10-11T10:58:30Z
2026-10-05T14:54:21+00:00,8402023368761858396153803424258,13172,832111.0,2,1,1,HotGirl#0250,0x6E281d81Af0e51fd0273de362Cd40b337f1cAFDe,2026-10-02T00:15:45Z,2026-10-16T00:15:45Z
2026-10-05T14:54:21+00:00,8321547966197239631103132202242,7573,900000.0,8,1,1,Zuguto#4578,0x4a57fA62F61603f567aA28F2a02a216132bd0B4e,2026-10-04T18:34:25Z,2026-10-18T18:34:25Z
2026-10-05T14:54:21+00:00,8388933061271419478581083192066,12260,950000.0,8,0,0,RenGoku#8928,0x868208F1fB455CBa7b3b739EcB9e3B194C548158,2026-10-04T00:16:34Z,2026-10-07T00:16:34Z
2026-10-05T14:54:21+00:00,8382857298053021627746467754754,11836,990000.0,5,1,1,anasofia0502#5137,0x058C5Ba94D2CD33775275fd52Cb6Babc9b1A68E5,2026-10-04T17:57:15Z,2026-10-07T17:57:15Z
2026-10-05T14:54:21+00:00,8360589033707845699474957851394,10290,1111122.0,3,2,0,Traralero#4582,0xE0C28017c305c3ff57f86E25341Dc3053f8357e9,2026-10-04T07:59:26Z,2026-10-07T07:59:26Z
2026-10-05T14:54:21+00:00,8457749802737959111864213928450,17042,1300000.0,0,2,1,Landaika#5222,0xBD52aec58F9fF80FA38EaA66A4B8cb1ae469ADBF,2026-10-03T07:52:58Z,2026-10-06T07:52:58Z
2026-10-05T14:54:21+00:00,8436824865484312360691297170178,15596,1499999.0,5,2,1,Nameless#5319,0xE1bF2Be586f4BA8a1f0091736E435BD48331E6C1,2026-10-01T14:44:29Z,2026-10-15T14:44:29Z
2026-10-05T14:54:21+00:00,8271300620677923634814843525122,4084,1600000.0,10,2,1,dazi1023#5714,0x8123AdC8C30a562aC2A37e4B4dF7007408388e3A,2026-10-04T15:02:16Z,2026-10-07T15:02:16Z
2026-10-05T14:54:21+00:00,8372045392459227795562358537218,11086,1780000.0,7,2,1,whyisphi#8411,0x83DDaF0130BF7c6F46c43411F1DfDDa58D502E60,2026-10-01T06:35:04Z,2026-10-15T06:35:04Z
2026-10-05T14:54:21+00:00,8391592801995473367586710448642,12436,2000000.0,8,1,0,maty087#0505,0x94987D270f1CFB95Be6D1b3d46f53786cCE5E889,2026-10-03T12:34:48Z,2026-10-06T12:34:48Z
2026-10-05T14:54:21+00:00,8386515031929900343286207637250,12084,2000000.0,10,2,1,Mcanryan#7159,0xCb3E41fcBBF06F110317Da6015DD4056C4AeCE33,2026-10-02T03:46:36Z,2026-10-16T03:46:36Z
2026-10-05T14:54:21+00:00,8361419983383249523001182978818,10354,2222222.0,11,1,1,Jiaoyang#6930,0x102Bea51d9EF6a61AcA5a2109685f8591329c650,2026-09-29T01:39:06Z,2026-10-13T01:39:06Z
2026-10-05T14:54:21+00:00,8425227616213652618212884582146,14799,2499999.0,1,3,0,aquamarineto#6419,0x165bBA28872E7Aa79c58125D0f08f15085279F0f,2026-10-05T03:38:19Z,2026-10-08T03:38:19Z
2026-10-05T14:54:21+00:00,8321487675698319009276064236546,7567,2500000.0,7,2,2,vakadi#4055,0x1f6fE941F9e12489294572d883Dcd2dcDd7c2806,2026-10-05T12:27:24Z,2026-10-08T12:27:24Z
2026-10-05T14:54:21+00:00,8315063324180484055664704272386,7125,2500000.0,1,2,1,XIEDONGYAO#1536,0x00970A5deB99E280a520100831717d54Ca2dfceC,2026-10-05T10:50:16Z,2026-10-08T10:50:16Z
2026-10-05T14:54:21+00:00,8320783892642599982932931016962,7516,2500000.0,5,2,1,otways#0626,0x3Ae06BDD4F8534f3e7f5b105fbef478Ed1af2DCc,2026-10-05T09:44:36Z,2026-10-19T09:44:36Z
2026-10-05T14:54:21+00:00,8400189840392794521697286864642,13053,2500000.0,5,3,1,unclezubser0#4562,0x555409cB48182E59aD389BdfC6cfA5c49c8d38A3,2026-10-05T02:47:22Z,2026-10-19T02:47:22Z
2026-10-05T14:54:21+00:00,8356990538436049861498701229314,10049,2500000.0,10,2,1,paopao888#5022,0xe66a6A889683342020c7496Ede90663017b686cB,2026-10-04T07:54:07Z,2026-10-07T07:54:07Z
2026-10-05T14:54:21+00:00,8291665128585996375513194878722,5497,2777777.0,9,2,1,shiqi#4051,0x2b7D40eDC370a8Ef5e37B08e01e1125790c11A45,2026-10-05T13:21:52Z,2026-10-08T13:21:52Z
2026-10-05T14:54:21+00:00,8317460715505017607343256592386,7289,2800000.0,11,3,1,oro24#6150,0xEC0638b7D90A7a3539D8Cf6104a3B90fa20E95d6,2026-10-04T13:08:38Z,2026-10-07T13:08:38Z
2026-10-05T14:54:21+00:00,8257002426356185984737268114434,2543,2999999.0,10,3,2,UnleashHero#3897,0xD5B817B231329aA8c5C06c44377F418AA27c2c87,2026-10-04T02:17:57Z,2026-10-07T02:17:57Z
2026-10-05T14:54:21+00:00,8319428445292165354653522456066,7427,2999999.0,10,3,1,luya#3274,0xeBC8d9a344c8B2F125aBbcd4931aF83fc18F411A,2026-09-30T14:25:49Z,2026-10-14T14:25:49Z
2026-10-05T14:54:21+00:00,8257765467425286511591547716610,2687,3000000.0,10,3,2,Salina#2852,0xc659686244122be3fd17dE68E6a6CA0FC8C57099,2026-10-03T10:00:45Z,2026-10-06T10:00:45Z
2026-10-05T14:54:21+00:00,8343092714341954435524524725762,9094,3200000.0,10,3,1,Random#6020,0x1237351e07214A751e56Cdf0412c2cA42cF59766,2026-10-04T14:32:42Z,2026-10-18T14:32:42Z
2026-10-05T14:54:21+00:00,8348937335260720289282162530050,9482,3200000.0,10,3,1,Skye#9144,0xEd7857E5bE3a9355B21FcC355EAF63ff31e62424,2026-10-04T10:06:28Z,2026-10-18T10:06:28Z
2026-10-05T14:54:21+00:00,8409339343552896300723336534786,13693,3250000.0,6,3,1,Morseee#8944,0x64A2416d60a54943cDE6ccBFf812b9fd71db71A5,2026-10-03T05:30:28Z,2026-10-06T05:30:28Z
2026-10-05T14:54:21+00:00,8278582415672131416381252262146,4589,3300000.0,8,3,1,Brady#5215,0x16B272BbEe33f49637D6a7256d68ED17F5aC24be,2026-09-30T09:04:28Z,2026-10-14T09:04:28Z
2026-10-05T14:54:21+00:00,8259443779378896613274181102082,3162,3333333.0,10,3,1,chenbuer#2536,0x11CEC147409B8DfD6D48336DFc7D42222BC252DF,2026-10-04T02:51:34Z,2026-10-18T02:51:34Z
2026-10-05T14:54:21+00:00,8407524922535222172725884979714,13567,3500000.0,7,2,1,Longnha45#6124,0x0FEae308A577D3E75CB8538613579669F530aeB3,2026-10-03T00:46:06Z,2026-10-06T00:46:06Z
2026-10-05T14:54:21+00:00,8409993202581152780793011484674,13744,3899999.0,11,3,2,Razor#1806,0x8a1992dC82C4FCce20aD75FB499618dC746f4c5b,2026-10-02T14:27:44Z,2026-10-16T14:27:44Z
2026-10-05T14:54:21+00:00,8272102188733165981319440899842,4144,3999999.0,10,3,2,Jiaoyang#6930,0x102Bea51d9EF6a61AcA5a2109685f8591329c650,2026-10-01T10:07:23Z,2026-10-15T10:07:23Z
2026-10-05T14:54:21+00:00,8281539733611051081901383741954,4794,4000000.0,10,3,2,schneider#6265,0x0BD58fb0Ba93f0Dc55f54d062535900EeD08dE9d,2026-10-04T16:37:26Z,2026-10-07T16:37:26Z
2026-10-05T14:54:21+00:00,8286122851647947442719213933314,5113,4200000.0,10,2,1,apyangwwa#7545,0x08a98d818aFd27D8B3627997ac27Bdc2CCFeC497,2026-10-02T18:54:57Z,2026-10-05T18:54:57Z
2026-10-05T14:54:21+00:00,8273270027276159071953859515906,4216,4222222.0,11,3,1,Helix#6125,0xdFECBDd8f9aE921be8E3c74C092Dd51f0dd7297a,2026-10-01T08:21:50Z,2026-10-15T08:21:50Z
2026-10-05T14:54:21+00:00,8289602583754436512625936377090,5349,4300000.0,8,3,2,vafp#9484,0x76F43194B8980F7bA237ef984878750bB3d73DbC,2026-10-01T03:45:28Z,2026-10-15T03:45:28Z
2026-10-05T14:54:21+00:00,8305133852059207906954933866242,6439,4500000.0,10,3,1,Owen#7364,0x8e1c67080570FA57ae2aE78Ccbd9e2A40DF83A69,2026-10-05T13:30:04Z,2026-10-08T13:30:04Z
2026-10-05T14:54:21+00:00,8289268052315584600937805663490,5329,4500000.0,7,3,2,Dont#5709,0x48067d18CaFf08238C85A624399ef9F51218C087,2026-10-05T11:19:05Z,2026-10-19T11:19:05Z
2026-10-05T14:54:21+00:00,8415258722383387163530335098114,14097,4500000.0,10,3,2,x4Zzwee23#0806,0x6FC5AbE666E896b2f3E4DECd13aeB56386379383,2026-09-28T02:25:43Z,2026-10-12T02:25:43Z
2026-10-05T14:54:21+00:00,8324129888189919889263620496898,7757,5000000.0,12,3,2,LAbubu#6560,0x23A7C29b34FBC6D9a2C0c110ff369615C88133d2,2026-09-29T17:19:44Z,2026-10-13T17:19:44Z
2026-10-05T14:54:21+00:00,8273272820723587222351674496514,4220,5999000.0,6,3,3,aquamarineto#6419,0x165bBA28872E7Aa79c58125D0f08f15085279F0f,2026-10-04T15:09:46Z,2026-10-07T15:09:46Z
2026-10-05T14:54:21+00:00,8391189923156778082468341867266,12412,6000000.0,7,4,1,Lazer#5099,0x0825B111adFbE24d65AE066C82F08439AeE5170d,2026-10-05T13:19:26Z,2026-10-08T13:19:26Z
2026-10-05T14:54:21+00:00,8251424415546860416238797414914,737,6490000.0,13,3,2,Celaffy#9555,0x3868d90EF6d04508A9681D4ea7ee141aD481C738,2026-10-05T03:46:11Z,2026-10-08T03:46:11Z
2026-10-05T14:54:21+00:00,8251409123620427058779376321026,254,6666666.0,10,4,3,WhattaMan#3593,0x759AE4bFa740d8dE2336d872B18414F1705e1Ca6,2026-10-05T07:53:59Z,2026-10-08T07:53:59Z
2026-10-05T14:54:21+00:00,8257791862136539927442059968514,2692,6666666.0,10,3,1,ChihYu#7027,0xa1b82743868E5cC522846F25a0f3F9ffE1539178,2026-09-29T15:36:40Z,2026-10-13T15:36:40Z
2026-10-05T14:54:21+00:00,8293443881898097398225591807490,5625,6800000.0,10,4,1,Isuyamug#5518,0xD5e2f9971C8fE0B4dEf5AeE2f2F3456d092010f4,2026-10-04T03:57:37Z,2026-10-18T03:57:37Z
2026-10-05T14:54:21+00:00,8303060719121743967829386173186,6292,7000000.0,10,3,1,leohyy#4585,0xEA9F48b137AC8a196b8446932bcD53D94eccC673,2026-10-01T13:51:00Z,2026-10-15T13:51:00Z
2026-10-05T14:54:21+00:00,8251483779464140461998164316162,2398,7250000.0,12,3,2,Azaeueus#4864,0x4Be53Ad640B0b6FD3b9642d64562390E6654B2b8,2026-10-01T11:16:18Z,2026-10-15T11:16:18Z
2026-10-05T14:54:21+00:00,8305210796018516863765787679746,6447,7800000.0,9,3,3,Artago#4163,0x5D36991cc680dDfd06B148AF876d2a385489bE75,2026-10-05T02:11:28Z,2026-10-10T02:11:28Z
2026-10-05T14:54:21+00:00,8345252332942196788999203144194,9234,8000000.0,10,3,1,Dmol77#6237,0x735b2aD25A77705335351678e13196C79Ad46Aa1,2026-10-05T07:01:14Z,2026-10-19T07:01:14Z
2026-10-05T14:54:21+00:00,8332842576160056807565583881474,8358,8000000.0,7,3,1,joker#2067,0xEd088d2Eb8f682CDCCcE0EF2DB8723fc1d4085d7,2026-10-03T23:40:29Z,2026-10-06T23:40:29Z
2026-10-05T14:54:21+00:00,8368839758563839649652087738626,10864,8000000.0,13,3,3,guoo#7592,0x0D71719C3e8d8A759066E05A8c4A7C9527B44361,2026-10-03T13:24:35Z,2026-10-06T13:24:35Z
2026-10-05T14:54:21+00:00,8251431271519231717415438496514,183,8000000.0,10,3,1,shuisyang#0285,0xB1D5097e81c8571b3f44DC56C0B1192B7236c342,2026-10-03T07:58:53Z,2026-10-06T07:58:53Z
2026-10-05T14:54:21+00:00,8314085252206862698026513725954,7075,8500000.0,7,3,3,asdakjl#5341,0x7c878e50259Dd9f9D39512f4D30fDebc652202Fe,2026-10-03T02:48:29Z,2026-10-10T02:48:29Z
2026-10-05T14:54:21+00:00,8276668437144496502816045020674,4457,8800000.0,12,4,2,Lu2k#2416,0x321F28604cA1Fd707D2D17Fd1C424732556F17B2,2026-10-01T15:20:17Z,2026-10-15T15:20:17Z
2026-10-05T14:54:21+00:00,8295377483188707271676747770370,5755,8888888.0,11,3,3,JIMLIANG#7051,0xf65f87934ed042D527c7825d0e4C2ffb3b15d7C7,2026-10-01T16:05:22Z,2026-10-15T16:05:22Z
2026-10-05T14:54:21+00:00,8251430517556802382448212213250,1598,9000000.0,12,4,3,steven#6123,0x2EAc2f4A3A3D95c582D5bf7dC97b77264fA8a0e5,2026-10-05T05:44:43Z,2026-10-08T05:44:43Z
2026-10-05T14:54:21+00:00,8311336715894192303840007405314,6871,9000000.0,10,3,2,Capibara#1921,0x554cedB8C5d71be3A779C2FEe5246be7093229Ad,2026-10-04T15:47:36Z,2026-10-07T15:47:36Z
2026-10-05T14:54:21+00:00,8304295480892771093100649420546,6370,9000000.0,8,4,2,mptrain#2786,0x84165538f7De94BF67227FaE9C14f41e0dabeAED,2026-10-03T03:19:00Z,2026-10-06T03:19:00Z
2026-10-05T14:54:21+00:00,8251408161873872477547760168194,774,9200000.0,12,4,2,jnhuodu#0806,0xFDAC7463Eb40Ee292137Fbf5C364aD5E03f4D266,2026-10-01T03:28:33Z,2026-10-15T03:28:33Z
2026-10-05T14:54:21+00:00,8359835126788321492095125053442,10315,9250000.0,11,4,1,Hussuh#0140,0x32cE55b07BC9bdC73CB977a4D02CfbfC86b5A12E,2026-10-05T11:31:22Z,2026-10-08T11:31:22Z
2026-10-05T14:54:21+00:00,8251412671021417519431145699842,383,9700000.0,13,4,2,Termina#9842,0x3E3eF633cfE3ad36668966B376337c4A11C491e9,2026-10-05T13:55:12Z,2026-10-08T13:55:12Z
2026-10-05T14:54:21+00:00,8266029116662382713385141724930,3721,9990000.0,10,4,3,aquamarineto#6419,0x165bBA28872E7Aa79c58125D0f08f15085279F0f,2026-10-04T15:12:47Z,2026-10-07T15:12:47Z
2026-10-05T14:54:21+00:00,8314096955589725805134200197634,7059,9998888.0,12,4,1,sihunlin#2861,0x3627f3Dfb94e7A1f722433849452c2048DB7B0D3,2026-10-03T08:43:01Z,2026-10-06T08:43:01Z
2026-10-05T14:54:21+00:00,8251408373667918108053998277890,140,9999999.0,11,4,2,fortnatsu#2500,0xC94b00eB80Af1aA020fEe6eA5A8d2bcB185561A2,2026-10-04T21:05:48Z,2026-10-18T21:05:48Z
2026-10-05T14:54:21+00:00,8382232407868283026693073905666,11791,9999999.0,10,4,1,135dcdg1215#1454,0x8278DF0832e3325cB3cA0c21080DA56Cb4b26C30,2026-10-04T10:22:33Z,2026-10-07T10:22:33Z
2026-10-05T14:54:21+00:00,8280689903333849748121759946498,4736,10000000.0,11,4,3,light#2378,0x3CA803054A34BC261a3F2e37C92B08B25C4Fefd9,2026-10-04T22:12:09Z,2026-10-18T22:12:09Z
2026-10-05T14:54:21+00:00,8251420755712836192263755517186,169,10000000.0,13,4,3,Cheshire#4084,0xbfbc1d66F9d567c4040d846e66d005ba9069C900,2026-10-01T16:58:15Z,2026-10-15T16:58:15Z
2026-10-05T14:54:21+00:00,8416098490379448219858432302850,14172,10000000.0,10,4,0,Will1688#0773,0x762496F836C5139e6E12b94404Eebd2dd53fFe3e,2026-09-30T01:37:18Z,2026-10-14T01:37:18Z
2026-10-05T14:54:21+00:00,8381026946271841922531849501954,11711,10900000.0,15,4,1,fan9#7870,0xF1A04a6D08c9cFDBf12E9c06994e5048CE5F434f,2026-10-05T06:55:33Z,2026-10-08T06:55:33Z
2026-10-05T14:54:21+00:00,8252570940084138144488265044994,2048,10999999.0,11,3,4,laowangshe66#8642,0x3d2306fb7eBb9013DB292A9A1228FBE21C1FB2a0,2026-09-27T13:59:42Z,2026-10-11T13:59:42Z
2026-10-05T14:54:21+00:00,8308023359611262020592656184322,6639,11000000.0,11,4,1,SickCatz#9424,0xD6554bE84f345d2c5e97D8B9BA3851210a651bA0,2026-10-04T15:38:32Z,2026-10-18T15:38:32Z
2026-10-05T14:54:21+00:00,8372843576727752756258062957570,11151,11000000.0,10,4,2,hurbet#2796,0xF2203663D8C7d9e1bA4d5833CC45d0747408D2a7,2026-10-01T03:41:55Z,2026-10-15T03:41:55Z
2026-10-05T14:54:21+00:00,8251429462852868778341321115650,531,11111111.0,13,4,2,yohe#6301,0x2C96B30DA72Ba45DE5F1Df134239e2eCA1A70b31,2026-09-30T15:07:03Z,2026-10-14T15:07:03Z
2026-10-05T14:54:21+00:00,8293671830765343695556177584642,5631,11500000.0,11,4,3,aguuslf#4090,0x3EFec1427b4E7d4a2559148718e6A894f3bD3812,2026-10-02T14:58:46Z,2026-10-16T14:58:46Z
2026-10-05T14:54:21+00:00,8261875486924427226069224782338,3511,11500000.0,11,4,3,GPAPA123#3097,0x32ff3B700Ce73462E2736a23ad594cBc21Bdb03D,2026-10-01T03:48:09Z,2026-10-15T03:48:09Z
2026-10-05T14:54:21+00:00,8253975707404897304878753311490,2259,11888888.0,15,3,3,Yoonim#4878,0x184084004843FE8c90e626697bFbf3f5a2C954d8,2026-10-03T12:08:33Z,2026-10-06T12:08:33Z
2026-10-05T14:54:21+00:00,8267167740983790955552692725506,3794,12000000.0,12,4,2,BiaBiaBia#3882,0x66f4f3693BA7F64785217C5ab9A9782DEe6eCdcc,2026-10-05T11:47:01Z,2026-10-08T11:47:01Z
2026-10-05T14:54:21+00:00,8292899693113922492823339253506,5585,12000000.0,10,3,3,Liumoui#0616,0x2a906cEfaA9a8Db840901A820B101bd645A8CD2A,2026-10-03T08:01:39Z,2026-10-17T08:01:39Z
2026-10-05T14:54:21+00:00,8352835647605139787237253490434,9752,12000000.0,10,4,1,ashiguo#2937,0x951a961d8895834AA9217D70ADF7a3dE6Dab3A6d,2026-09-30T13:09:57Z,2026-10-14T13:09:57Z
2026-10-05T14:54:21+00:00,8427656331676209466291463261442,14970,12000000.0,10,4,1,ChihYu#7027,0xa1b82743868E5cC522846F25a0f3F9ffE1539178,2026-09-29T15:23:58Z,2026-10-13T15:23:58Z
2026-10-05T14:54:21+00:00,8276989512411889041322113392898,4483,12888888.0,15,4,3,bananaXx#4727,0xb394176e3a1373ccE42480FaF5B6dCe1BeA2C597,2026-10-01T02:33:56Z,2026-10-15T02:33:56Z
2026-10-05T14:54:21+00:00,8398538639454707776132411869698,12933,13000000.0,10,4,1,intter#6895,0xB18668F172D3c3012d9e21Ef860ad5E6a2895DB0,2026-10-04T08:29:20Z,2026-10-18T08:29:20Z
2026-10-05T14:54:21+00:00,8251414201068157969196195883266,601,13000000.0,13,4,3,GoldMrFuYi#9378,0x8ca49eCEF427A75167e9Dc57885B00e31d689Cde,2026-10-01T11:16:25Z,2026-10-15T11:16:25Z
2026-10-05T14:54:21+00:00,8278224849512940985846521760514,4568,13000000.0,10,4,2,hanxiaocai#3176,0x19EF4bb4cE3Fe89a667fD3173C8684d8e6957f5d,2026-10-01T06:27:12Z,2026-10-15T06:27:12Z
2026-10-05T14:54:21+00:00,8271750211167670695821753297922,4124,13333333.0,11,4,3,Rono#8147,0x9A73622e3c35dc89Cea3B9bA71480d603b7140d2,2026-10-04T02:59:39Z,2026-10-07T02:59:39Z
2026-10-05T14:54:21+00:00,8262253716373413581163061453314,3527,13888888.0,10,4,1,Lamus813#9596,0x997c57cd83a1861CB80B9B24854906fB80FcCfd4,2026-10-04T10:33:28Z,2026-10-07T10:33:28Z
2026-10-05T14:54:21+00:00,8270822408739082671198416111106,4046,14500000.0,10,4,3,Yosimi#1864,0x26B942207267A8cA3063D66F4496f4C0eBC1a28d,2026-10-05T11:22:08Z,2026-10-19T11:22:08Z
2026-10-05T14:54:21+00:00,8251413682320290952163018749186,2062,14999999.0,15,4,3,GHFS#0740,0xd39A085f475997df4F22Dd158229A4Dc2fE167FA,2026-10-01T12:29:04Z,2026-10-15T12:29:04Z
2026-10-05T14:54:21+00:00,8291281606314456600146683949570,5472,15000000.0,13,4,4,Neonnnnn#9309,0x253C81223F70dD53ed8854879402Ce1b7483Fc1b,2026-10-04T15:25:45Z,2026-10-07T15:25:45Z
2026-10-05T14:54:21+00:00,8314102214947269165792124839682,7060,15000000.0,10,4,1,Daniel0217#4027,0x7De8497D9E1B87E7fd1cab65710D4DE2379Fa13D,2026-10-04T14:33:42Z,2026-10-07T14:33:42Z
2026-10-05T14:54:21+00:00,8267986749533346629285470870786,3850,15000000.0,13,4,4,pudky0808#5595,0x2C21669932F00D4a4509BE948018252E69B869A8,2026-10-04T03:50:38Z,2026-10-07T03:50:38Z
2026-10-05T14:54:21+00:00,8315019011928220835708248333058,7123,15800000.0,11,4,2,CNTikTokC2#6625,0xf72F6D16a3d34B1D520Cc271d05f9e3A0f739997,2026-09-27T16:30:32Z,2026-10-11T16:30:32Z
2026-10-05T14:54:21+00:00,8293088708781551448536311311362,5600,16000000.0,11,4,1,blackmirror#8282,0x1f9BD5FaC50371f8974f371268a3705C64F3faB2,2026-10-04T16:44:33Z,2026-10-07T16:44:33Z
2026-10-05T14:54:21+00:00,8259859682917409425797932033538,3261,16666666.0,13,4,4,Aphelios#6394,0x8eAe6C6fd9Ac3DC327f6ae10F1d96330f3254cb9,2026-10-04T12:14:23Z,2026-10-18T12:14:23Z
2026-10-05T14:54:21+00:00,8252105458897626276678419440898,1877,18400000.0,10,4,2,NeoO#7093,0xb0242AAF2500167DB76917876bd437ac394CFbba,2026-09-27T15:40:45Z,2026-10-11T15:40:45Z
2026-10-05T14:54:21+00:00,8251455989781139231880582696450,1468,18888888.0,11,4,3,yohe#6301,0x2C96B30DA72Ba45DE5F1Df134239e2eCA1A70b31,2026-09-30T15:08:02Z,2026-10-14T15:08:02Z
2026-10-05T14:54:21+00:00,8270007632337499889123195415810,3995,19500000.0,10,4,4,Mcanryan#7159,0xCb3E41fcBBF06F110317Da6015DD4056C4AeCE33,2026-10-02T02:56:01Z,2026-10-16T02:56:01Z
2026-10-05T14:54:21+00:00,8311427477929637802779876862978,6874,19700000.0,12,4,4,MinaChan#6489,0x404C1A685E858357ED562ee00Dd31e3C9FA57504,2026-10-05T08:50:15Z,2026-10-08T08:50:15Z
2026-10-05T14:54:21+00:00,8251407127675612729095457767426,75,20000000.0,13,4,3,IgorGG#6059,0x4a33e7cE41Ce70e95bA2E1f12bc60704044F4937,2026-10-04T22:49:00Z,2026-10-07T22:49:00Z
2026-10-05T14:54:21+00:00,8313012516072966102676757026818,6984,20000000.0,11,4,3,CODEX#4204,0xDa6a91b389c2f40CFAdBcb356E2EB56B84186488,2026-10-04T03:10:16Z,2026-10-07T03:10:16Z
2026-10-05T14:54:21+00:00,8251582265292439502878315413250,1108,21000000.0,15,4,4,DDbaicha#1961,0x89b3e1BB4B509C96Ef5c7ec5BAB2B2aE3Bd668D7,2026-10-05T06:16:02Z,2026-10-08T06:16:02Z
2026-10-05T14:54:21+00:00,8259007335651057978708880667138,3015,21000000.0,11,3,2,zamo2024#4209,0xE7FeB8bAc89a6164f0eB579E09338D4458989802,2026-10-04T09:06:31Z,2026-10-18T09:06:31Z
2026-10-05T14:54:21+00:00,8348382306083255654140843659010,9437,22000000.0,10,4,3,ringao#0972,0x2ca9027887AbC5D3c985154a67B9b93Fc2E71183,2026-10-04T23:51:16Z,2026-10-07T23:51:16Z
2026-10-05T14:54:21+00:00,8283158931582320814635793253122,4913,22000000.0,11,4,3,sunchenpeng#5135,0xA07185bAc28f2cb74ee0bD3aFd5a50cAe1cD10aC,2026-09-29T01:15:58Z,2026-10-13T01:15:58Z
2026-10-05T14:54:21+00:00,8251413281668329750327158636290,759,24555555.0,14,4,3,NeverDieEver#2177,0xC7253063c9AF7cFAC47aEE89fc9B65bC1138Fe91,2026-09-28T11:02:21Z,2026-10-12T11:02:21Z
2026-10-05T14:54:21+00:00,8251408002062601902063806082818,1705,25000000.0,15,4,4,zuzume#9854,0x2C499B43AEd17a40978c1c0Ac21cB2719F1A8b4d,2026-10-04T00:43:07Z,2026-10-18T00:43:07Z
2026-10-05T14:54:21+00:00,8251422695701698826139727603458,29,25000000.0,15,4,3,shadower1#0561,0xa7EC7ADCd32705eCf8f4dAb58295B30eaBf50d92,2026-10-03T18:14:54Z,2026-10-06T18:14:54Z
2026-10-05T14:54:21+00:00,8284352617471736430340116326146,4995,27777777.0,12,4,4,shan#5786,0x9bCBF2caD117437Bf5495665AfF29e956162261c,2026-10-03T15:03:15Z,2026-10-17T15:03:15Z
2026-10-05T14:54:21+00:00,8403867532657684944404969016322,13308,28000000.0,11,4,4,gray#9820,0xe7e716F748732232fc0240f47f40dFf08942E3C1,2026-10-01T18:36:23Z,2026-10-15T18:36:23Z
2026-10-05T14:54:21+00:00,8259838682596675673374574291970,3245,28880000.0,15,4,4,lengyy#0851,0x9e8614814Bd6334873a80cfBF2B3cA93906Eea75,2026-10-01T11:16:24Z,2026-10-15T11:16:24Z
2026-10-05T14:54:21+00:00,8258632200657267549170815395074,2972,29000000.0,10,3,1,Celaffy#9555,0x3868d90EF6d04508A9681D4ea7ee141aD481C738,2026-10-05T12:47:31Z,2026-10-08T12:47:31Z
2026-10-05T14:54:21+00:00,8330420545102476838440801272578,8188,29500000.0,10,4,3,vtuan#1787,0x247eCED2604CA23EC6A9887D2cDb9b0028a186FA,2026-10-04T14:29:11Z,2026-10-07T14:29:11Z
2026-10-05T14:54:21+00:00,8350004463596204960100420543746,9558,29999999.0,12,4,3,Helix#6125,0xdFECBDd8f9aE921be8E3c74C092Dd51f0dd7297a,2026-10-01T20:42:43Z,2026-10-15T20:42:43Z
2026-10-05T14:54:21+00:00,8264412645350252669782458462722,3602,32444444.0,15,4,2,Lazykaka#8469,0x5034a7ec38a8EAF0e9C32c882713479d5c9b75a8,2026-10-02T07:29:30Z,2026-10-16T07:29:30Z
2026-10-05T14:54:21+00:00,8370378886355120083586548284930,10968,33333333.0,14,4,1,ayasa1023#4086,0x1e1eCAc6e3f3B37cfb50B8A9bc362f50583D748D,2026-10-02T10:01:02Z,2026-10-16T10:01:02Z
2026-10-05T14:54:21+00:00,8314258592129779289794760092930,7071,35000000.0,12,4,3,Letsgostart#8311,0xb726693AF94E9A8761C33D696aC408ae73876722,2026-10-05T04:02:57Z,2026-10-08T04:02:57Z
2026-10-05T14:54:21+00:00,8251416449406578164341196143362,2263,38888888.0,13,4,3,Liiiiiin#4161,0x0067365bDaA8DBFaa683C385623896fe5C5E83f3,2026-10-01T07:41:37Z,2026-10-15T07:41:37Z
2026-10-05T14:54:21+00:00,8252089348283003562511825219586,1876,39999999.0,15,4,3,Unknow#1543,0x36179DDe17A91a328E294b996262B10E3f4d966F,2026-10-01T02:51:04Z,2026-10-15T02:51:04Z
2026-10-05T14:54:21+00:00,8271704949696186933838147270658,4117,40000000.0,12,4,3,Cherishez#0795,0x2CBd0e56d1547ACcb68D3AFdA8404F82F0932256,2026-10-04T12:20:19Z,2026-10-07T12:20:19Z
2026-10-05T14:54:21+00:00,8295710694560417273010631002114,5772,42000000.0,11,4,2,zhyyy#3499,0xa79FAa9dBbdc6A493A383da2bD8cF8dA5cDC64a9,2026-10-05T12:47:06Z,2026-10-08T12:47:06Z
2026-10-05T14:54:21+00:00,8251445634753580292527529068290,372,45000000.0,12,4,4,zhaojie#8618,0x8854d8DB80d4384CE6f15ED098d390Da1CF946b8,2026-10-04T06:11:26Z,2026-10-07T06:11:26Z
2026-10-05T14:54:21+00:00,8307491994096627761510799975170,6596,50000000.0,10,4,2,allpeace#4017,0x68d2c96b0d492A193eb2C123b83f72A10A2eAA1b,2026-10-05T01:15:42Z,2026-10-19T01:15:42Z
2026-10-05T14:54:21+00:00,8251411480985063836280551025666,255,65000000.0,15,4,4,NeverDieEver#2177,0xC7253063c9AF7cFAC47aEE89fc9B65bC1138Fe91,2026-09-28T10:24:00Z,2026-10-12T10:24:00Z
2026-10-05T14:54:21+00:00,8446676356699145314679882029826,16269,30000000000.0,2,0,0,shihyu#9430,0xf3D15CCcFaD549B8cdb73217838f1dD19295B7De,2026-10-04T12:53:05Z,2026-10-07T12:53:05Z
